inputfile/4A/173077807.cpp,inputfile/4A/101036360.cpp
inputfile/4A/173077807.cpp,inputfile/4A/127473352.cpp
inputfile/4A/173077807.cpp,inputfile/4A/134841308.cpp
inputfile/4A/84822639.cpp,inputfile/4A/101036360.cpp
inputfile/4A/84822639.cpp,inputfile/4A/127473352.cpp
inputfile/4A/84822639.cpp,inputfile/4A/134841308.cpp
inputfile/4A/84822638.cpp,inputfile/4A/101036360.cpp
inputfile/4A/84822638.cpp,inputfile/4A/127473352.cpp
inputfile/4A/84822638.cpp,inputfile/4A/134841308.cpp
inputfile/4A/101036360.cpp,inputfile/4A/127473352.cpp
inputfile/4A/101036360.cpp,inputfile/4A/134841308.cpp
